Employee_Name,Employee_EmailID,Secret_Child_Name,Secret_Child_EmailID
"Hamish Murray",hamish.murray@acme.com,"Matthew King",matthew.king.jr@acme.com
"Layla Graham",layla.graham@acme.com,"Spencer Allen",spencer.allen@acme.com
"Matthew King",matthew.king@acme.com,"Layla Graham",layla.graham@acme.com
"Benjamin Collins",benjamin.collins@acme.com,"Matthew King",matthew.king@acme.com
"Isabella Scott",isabella.scott@acme.com,"Hamish Murray",hamish.murray@acme.com
"Charlie Ross",charlie.ross@acme.com,"Benjamin Collins",benjamin.collins@acme.com
"Hamish Murray",hamish.murray.sr@acme.com,"Charlie Ross",charlie.ross.jr@acme.com
"Piper Stewart",piper.stewart@acme.com,"Hamish Murray",hamish.murray.sr@acme.com
"Spencer Allen",spencer.allen@acme.com,"Ethan Murray",ethan.murray@acme.com
"Charlie Wright",charlie.wright@acme.com,"Piper Stewart",piper.stewart@acme.com
"Hamish Murray",hamish.murray.jr@acme.com,"Charlie Wright",charlie.wright@acme.com
"Charlie Ross",charlie.ross.jr@acme.com,"Isabella Scott",isabella.scott@acme.com
"Ethan Murray",ethan.murray@acme.com,"Mark Lawrence",mark.lawrence@acme.com
"Matthew King",matthew.king.jr@acme.com,"Charlie Ross",charlie.ross@acme.com
"Mark Lawrence",mark.lawrence@acme.com,"Hamish Murray",hamish.murray.jr@acme.com
